{
	"texture_size": [64, 64],
	"textures": {
		"2": "HeartGlassdarkpurple.png",
		"particle": "HeartGlassdarkpurple.png"
	},
	"elements": [
		{
			"from": [0, 0, 0],
			"to": [16, 16, 1],
			"faces": {
				"north": {"uv": [0, 0, 16, 16], "texture": "#2"},
				"east": {"uv": [0, 0, 1, 16], "texture": "#2"},
				"south": {"uv": [16, 0, 0, 16], "texture": "#2"},
				"west": {"uv": [15, 0, 16, 16], "texture": "#2"},
				"up": {"uv": [16, 1, 0, 0], "texture": "#2"},
				"down": {"uv": [16, 16, 0, 15], "texture": "#2"}
			}
		}
	]
}