{
  "_fv": 47,
  "_type": "recipe",
  "definition": {
    "recipeType": "Stone cutting",
    "recipeRetstackSize": 1,
    "group": "",
    "cookingBookCategory": "MISC",
    "xpReward": 0.0,
    "cookingTime": 200,
    "craftingBookCategory": "MISC",
    "recipeShapeless": false,
    "stoneCuttingInputStack": {
      "value": "CUSTOM:Heartglasspanelightpink"
    },
    "stoneCuttingReturnStack": {
      "value": "CUSTOM:Heartglasslightpinkforwardpane"
    },
    "name": "lightpinkpanetoforwardpane",
    "namespace": "mod"
  }
}