{
  "_fv": 47,
  "_type": "recipe",
  "definition": {
    "recipeType": "Stone cutting",
    "recipeRetstackSize": 4,
    "group": "",
    "cookingBookCategory": "MISC",
    "xpReward": 0.0,
    "cookingTime": 200,
    "craftingBookCategory": "MISC",
    "recipeShapeless": false,
    "stoneCuttingInputStack": {
      "value": "Blocks.STAINED_GLASS#14"
    },
    "stoneCuttingReturnStack": {
      "value": "CUSTOM:Heartglassredforwardpane"
    },
    "name": "redglasstoredheartglassforwardpane",
    "namespace": "mod"
  }
}